CO2-Preis [EUR/t];Strombedarf [MWh];Variabler Anteil Strombedarf [%];Strompreis [EUR/MWh];Erdgaspreis [EUR/MWh];Wasserstoffpreis [EUR/MWh];Biogaspreis [EUR/MWh];BHKW Nennwärmeleistung [kW];Gaskessel Nennwärmeleistung [kW];Power2Heat Nennwärmeleistung [kW];Luft-Wärmepumpe Nennwärmeleistung [kW];Photovoltaik Peakleistung [kWp];Fernwärme Anschlussleistung [kW];Brennstoffspeicher Kapazität [kWh];KKM Kältenennleistung [kW];PEMFC Nennleistung [kW];Elektrolyse Nennleistung [kW];SOFC Nennleistung [kW];Solarkollektor Fläche [m^2];Sole-Wärmepumpe Nennwärmeleistung [kW];Stromspeicher Kapazität [kWh];Wärmespeicher Kapazität [kWh];Investitionskosten [TEUR];Cashflow [TEUR/a];CO2-Emissionen [t/a];Mittlere elektrische Leistung Stromversorger [kW];Mittlere Einspeiseleistung [kW];Zielfunktionswert der Betriebskosten [TEUR/a] ;Abgegebene Wärmeleistung [kW] Fernwärmeversorger ;Abgegebene Wärmeleistung [kW]Gaskessel;Abgegebene Wärmeleistung [kW] Luft-Wärmepumpe;Abgegebene Wärmeleistung [kW] PowerToHeat ;Abgegebene Wärmeleistung [kW] Solarkollektor ;Abgegebene Wärmeleistung [kW] Sole-Wärmepumpe ;Abgegebene Wärmeleistung [kW] NT Wärme von KKM und HAT;Entladeleistung [kW] Wärmespeicher ;GAP [%];Laufzeit [ms];Work Units
50;300;10;208.9;84;300;150;0;156.9851749;0;0;0;46.23622269;0;332.2694504;37.19836138;0;24.31996963;0;0;0;0;250407.965;-127.5144046;178.5216251;40.49275883;0;127.5144117;0.300574306;58.17024925;0;0;0;0;17.31537309;0;0;168.4571427;0.134318219
50;300;10;208.9;150;300;280;0;0;0;117.2840057;225.3903674;110.4372416;0;332.2694504;0;0;0;1;0;0;592.5406429;250492.228;-69.06713239;63.72230946;37.52425621;4.653718914;69.06713253;0.712265146;0;57.94585065;0;0.059540866;0;16.96114858;9.7868641;0;154.7011939;0.107587793
50;300;10;400;84;600;150;88.17184273;33.8844401;17.52222835;19.86784472;200.009912;68.27489138;0;332.2694504;0.590834421;0;0;1;0;0;383.4675786;250393.5382;-73.52492204;190.994403;0.292320128;6.115262478;73.5249323;0.014495263;4.010624164;7.232714998;0.898816966;0.059540866;0;17.06119115;11.08321607;0.03581002;186.5590098;0.122155458
50;300;10;400;150;600;280;97.95261616;0;27.20250976;36.80459427;304.5454383;89.62234521;0;332.2694504;0;0;0;1;0.521481984;0;436.3302592;250504.3565;-106.3192507;133.6355203;7.616648092;11.18966372;106.3192624;0.506638412;0;16.79960344;4.028175937;0.059540866;0.164975018;17.08997179;10.78704779;0.026459197;196.6712499;0.126446809
50;300;90;208.9;84;300;150;87.25568402;37.3043048;16.34066351;33.89194916;185.8183301;52.92864577;0;332.2694504;0;0;0;1;0;0;371.6143196;250393.6453;-67.45657699;158.6137749;5.612470187;2.326326741;67.4565849;0.000177136;1.805074575;13.96353332;0.614810417;0.059540866;0;16.9953356;9.542634396;0.034793787;228.8313186;0.139418387
50;300;90;208.9;150;300;280;0;0;0;117.2860592;246.3386283;110.4351881;0;332.2694504;0;0;0;1;0;0;501.4474194;250510.3328;-64.29788905;60.83859668;35.04751702;4.805988057;64.29788919;0.680583;0;57.66832557;0;0.059540866;0;16.96114858;9.03096029;0;143.2397638;0.108288748
50;300;90;400;84;600;150;98.86218773;47.65154856;14.19951804;23.81328811;225.7825879;43.19470483;0;332.2694504;4.554073411;0;0;1;0;2.533031669;383.4237342;250433.6633;-68.05994497;173.7785992;0.935340486;6.403506393;68.05995421;0;4.821587645;8.994374376;0.759048533;0.059540866;0;17.11543207;10.26321955;0.050535288;360.1181025;0.181079935
50;300;90;400;150;600;280;93.63102829;0;34.63820693;45.40405872;330;54.04795333;0;332.2694504;2.148194808;0;0;1;0;0;479.1086304;250538.8708;-95.64995176;125.6129118;6.32333655;10.76526742;95.6499626;0.437012356;0;20.15844173;3.867396882;0.059540866;0;16.96451378;11.21113126;0.030919851;190.655997;0.124229827
50;900;10;208.9;84;300;150;111.8121848;61.09422299;21.1171179;0;330;32.42161281;0;332.2694504;1.276108729;0;0;1;0;0;414.6682183;250493.8743;-167.2672076;237.7593055;49.51701383;5.872990889;167.2672182;0;2.539996773;0;0.567809691;0.059540866;0;16.96925969;11.7304497;0.027782564;222.1511256;0.132776745
50;900;10;208.9;150;300;280;0;0;0;114.2443722;330;113.476875;0;332.2694504;0;0;0;1;0;0;462.8973114;250579.6075;-172.4383231;115.8134568;91.84944275;2.977312247;172.4383235;1.124880256;0;57.31926102;0;0.059540866;0;16.96114858;7.698997299;0.000202195;140.8117716;0.109482229
50;900;10;400;84;600;150;213.53243;0;43.92431665;0;330;0;0;332.2694504;5.768457738;0;0;0;0;0;1022.973286;250520.5603;-206.3873092;490.3912627;0.904364108;5.324896441;206.3873372;0;0;0;0.10966045;0;0;19.52479802;38.18929943;0.033173864;180.1255771;0.121208038
50;900;10;400;150;600;280;121.992851;0;24.53074492;0;330;81.19765133;0;332.2694504;6.581024312;0;0;1;0;4.466729924;491.8342089;250512.3937;-302.8335132;234.1077684;49.63867812;3.438366259;302.8335309;1.519905834;0;0;2.781158204;0.059540866;0;16.96916797;11.14980306;0.027177982;259.5327734;0.150237292
50;900;90;208.9;84;300;150;114.0351669;31.3945563;18.99146916;0;330;58.32024977;0;332.2694504;4.979805181;0;0;1;0;0;475.0637316;250502.1687;-162.704368;238.2098508;46.05303873;3.492021735;162.7043787;0.003290157;1.764872647;0;0.283874817;0.059540866;0;16.97411757;11.23311301;0.023809538;257.1556267;0.147977338
50;900;90;208.9;150;300;280;0;0;0;117.5768276;330;109.047971;0;332.2694504;0;0;0;1;4.934019289;0;417.1218522;250587.3864;-169.2174696;110.9841881;90.09473688;1.82359605;169.2174699;0.756390391;0;54.04982904;0;0.059540866;3.282107416;19.51650039;5.48220926;0;140.1871565;0.107482882
50;900;90;400;84;600;150;249.9549562;0;52.63161701;0;330;0;0;332.2694504;16.67702375;0;0;0;0;0;528.1738977;250556.0761;-204.9090555;458.3278799;4.306436714;3.254989296;204.9090815;0;0;0;0.533400337;0;0;19.38755704;24.18839637;0.050203931;228.7200758;0.135703839
50;900;90;400;150;600;280;126.5346364;0;23.33432552;0;330;77.85228536;0;332.2694504;1.961232778;0;0;1;0;0;390.9498702;250497.5723;-293.6736219;235.9888354;46.09430571;2.083990135;293.6736401;1.04892965;0;0;1.615211965;0.059540866;0;16.97636528;10.94358714;0.02787326;262.6039985;0.150458039
350;300;10;208.9;84;300;150;0;0;0;0;0;200.1860521;0;332.2694504;36.41927916;0;25.09748473;0;8.541316917;0;0;250416.4595;-162.9190095;64.58676147;41.78959666;0;162.9190106;52.63025379;0;0;0;0;5.850045532;21.75089436;0;0;157.9630419;0.131166409
350;300;10;208.9;150;300;280;0;0;0;0;0;200.246515;0;332.2694504;36.55312183;0;24.96391129;0;8.370507789;0;0;250415.8307;-163.0118818;64.67566446;41.76663372;0;163.0118829;52.73368806;0;0;0;0;5.746422308;21.67348313;0;0;159.1804909;0.131171525
350;300;10;400;84;600;150;93.16292558;0;31.61307591;28.12995407;262.3665507;74.81529171;0;332.2694504;0;0;0;1;0;0;406.6519192;250457.5907;-110.0602554;154.1739653;4.34664354;9.857449302;110.0602665;1.581843543;0;13.62840897;1.549585996;0.059540866;0;17.04337557;9.880696295;0.029423753;219.0159586;0.13675067
350;300;10;400;150;600;280;0;0;49.25267195;64.34344867;330;110.9769854;0;332.2694504;0;0;0;1;14.16663546;0;744.1094088;250553.3453;-130.178162;46.7916251;31.68393414;12.03482556;130.1781628;10.74143205;0;39.54006347;3.761611094;0.059540866;5.050878321;20.88960949;10.66795283;0.003420485;151.2202901;0.10983607
350;300;90;208.9;84;300;150;2.079926274;0;0;108.5908017;282.4220089;117.0505193;0;332.2694504;0;0;0;1;0;0;482.1785296;250533.327;-70.94570846;57.65043034;33.57033559;7.912513789;70.94570941;1.376222614;0;56.9713248;0;0.059540866;0;16.96114858;9.380918483;5.50E-05;145.3531407;0.105069794
350;300;90;208.9;150;300;280;0;0;0;0;0;189.4530704;0;332.2694504;37.04399583;0;33.63212477;0;8.919836516;0;0;250467.9259;-162.5972254;64.2731986;41.72757634;0.008768393;162.5972265;52.38119932;0;0;0;0;6.083806205;21.92914587;0;0;163.3474233;0.130899089
350;300;90;400;84;600;150;99.64571568;0;25.14305862;35.71724075;311.8231465;67.21523222;0;332.2694504;2.596779207;0;0;1;0;0;404.0275367;250514.6419;-96.86507244;138.3271061;3.852440438;11.65108873;96.86508239;1.139271985;0;17.37167453;1.758313625;0.059540866;0;16.96114858;10.39133111;0.045419639;264.9338349;0.14832504
350;300;90;400;150;600;280;0;0;68.89947122;61.17533175;330;103.0951207;0;332.2694504;0;0;0;1;8.072719131;0;683.4194921;250547.3984;-122.306894;47.85026183;28.8291583;9.096255387;122.3068948;11.89561681;0;38.6147337;4.53201368;0.059540866;3.669837838;19.8154669;10.22542449;0.001505215;148.6669574;0.108669889
350;900;10;208.9;84;300;150;0;0;0;113.573306;330;114.1479412;0;332.2694504;0;0;0;1;0;0;452.0556108;250578.8592;-198.4004876;115.861565;91.85237214;2.996382097;198.40049;1.224283035;0;57.27496474;0;0.059540866;0;16.96114858;7.648747378;0;148.4654751;0.109472353
350;900;10;208.9;150;300;280;0;0;0;102.8539938;330;124.4508257;0;332.2694504;0;0;0;1;1.873925056;0;452.0556108;250570.3228;-199.1137768;113.6183027;91.43562673;3.179756877;199.1137792;2.460281393;0;54.52746751;0;0.059540866;1.245933146;17.93020769;7.444209556;0;145.6272011;0.10732261
350;900;10;400;84;600;150;137.8743991;0;13.01651478;0;330;76.83033343;0;332.2694504;4.711739513;0;0;0;0;0;560.0163518;250503.9571;-310.1327654;259.7081511;44.68418741;5.230220962;310.1327826;0.581469388;0;0;0.263133876;0;0;17.02412372;13.9819175;0.028924921;237.2725817;0.139855653
350;900;10;400;150;600;280;54.83789335;0;37.1380602;26.25639842;330;105.7254424;0;332.2694504;0;0;0;1;16.93553791;0;386.4945005;250524.4189;-356.3436426;154.9111877;72.25359821;2.179906941;356.3436532;7.001297662;0;18.97789006;2.960793422;0.059540866;6.941068402;22.36168305;6.496978858;0.012481883;153.2053348;0.10709946
350;900;90;208.9;84;300;150;8.082696853;0;0;109.5106266;330;109.0550234;0;332.2694504;0;0;0;1;4.828051705;0;541.9077532;250581.0233;-194.8967893;112.9795345;89.40962879;1.761751698;194.8967919;0.710974602;0;53.40535945;0;0.059540866;3.277182586;19.51233233;6.138787892;0.000329361;146.462502;0.103930095
350;900;90;208.9;150;300;280;0;0;0;103.4481616;330;123.181537;0;332.2694504;0;0;0;0;4.911968998;0;332.081854;250572.8429;-196.0189533;110.3151829;89.71342222;2.004892885;196.0189557;2.482220072;0;52.25897544;0;0;3.343496233;19.62326436;5.095177692;0.000300168;146.3189987;0.107907801
350;900;90;400;84;600;150;137.4723994;0;26.64837486;0;330;63.60047298;0;332.2694504;18.01876094;0;0;0;0;0;544.0538176;250536.1726;-300.4035735;254.6818887;42.54176559;2.820594919;300.4035904;0.445014189;0;0;0.249822815;0;0;17.03899074;13.09058529;0.021835425;290.0974895;0.164101907
350;900;90;400;150;600;280;62.38053317;0;25.65575898;14.11656343;330;121.0591453;0;332.2694504;0;0;0;0;20.29160888;0;235.7185941;250514.1221;-349.7965832;160.8082634;65.42371241;1.947185598;349.7965957;8.797702642;0;10.56741;1.40654282;0;9.695506273;24.56876874;4.360268191;0.013173043;154.5623022;0.106584576
200;300;10;208.9;84;300;150;0;159.2052571;0;0;0;44.01617666;0;332.2694504;37.18037337;0;24.33792145;0;0;0;0;250408.0568;-149.5438595;178.5901744;40.49275892;0;149.5438684;0.264106142;58.20671747;0;0;0;0;17.31514526;0;0;170.0617303;0.134129835
200;300;10;208.9;150;300;280;0;0;0;0;0;200.0709573;0;332.2694504;36.43852903;0;25.07827359;0;8.864911883;0;0;250416.6836;-156.8441233;64.41873805;41.83263903;0;156.8441239;52.43636466;0;0;0;0;6.04429168;21.89690617;0;0;166.5903169;0.131206364
200;300;10;400;84;600;150;92.46758677;24.22707663;33.1314812;26.44772952;295.3228762;64.21034428;0;332.2694504;0.868118754;0;0;1;0;0;406.0818571;250487.2602;-86.73960308;170.2302238;0.56047796;14.41298147;86.73961432;0.062083322;2.017953828;9.37783049;1.784341845;0.059540866;0;17.03009262;11.51763024;0.028684187;189.8835071;0.120510538
200;300;10;400;150;600;280;84.77145218;0;47.45267536;38.55674934;294.9296451;55.8119118;0;332.2694504;0;0;0;1;5.078063652;0;421.8923912;250502.2509;-122.9913617;128.6499281;9.209857772;8.528673103;122.9913738;0.731205245;0;17.20999664;5.276677716;0.059540866;1.596275405;18.20269611;11.52747555;0.030299132;205.006433;0.125259372
200;300;90;208.9;84;300;150;0;147.1075548;0;0;0;45.14891377;0;332.2694504;37.19836138;0;33.47806973;0;1.034406093;0;0;250462.1138;-148.9519975;175.8807136;40.54940175;0.007403699;148.9520062;0.507850899;57.17529169;0;0;0;0.769114892;17.89441765;0;0;181.6263344;0.135813539
200;300;90;208.9;150;300;280;0;0;0;111.6481936;271.0813042;116.0730537;0;332.2694504;0;0;0;1;0;0;449.4162536;250525.8381;-67.32821359;58.44222356;34.17109818;6.945693828;67.3282141;1.36649833;0;57.32854252;0;0.059540866;0;16.96114858;9.059541551;0;155.3386974;0.107976626
200;300;90;400;84;600;150;101.7789619;24.97530433;10.28937455;42.05444791;266.6230641;50.43835994;0;332.2694504;3.492714277;0;0;1;0;2.259542854;495.3946461;250484.743;-82.33047916;155.3455185;2.033375788;9.034991531;82.3304889;0;0.943259285;14.80686408;0.500289143;0.059540866;0;17.00777708;10.91321036;0.05380807;469.4304116;0.218750826
200;300;90;400;150;600;280;76.75788856;0;59.64864695;43.51979575;330;47.30342021;0;332.2694504;0;0;0;1;2.211731138;0;413.9419967;250534.8891;-111.1989327;120.9889991;7.70695014;9.244669171;111.1989439;1.117881573;0;20.20535004;5.325824067;0.059540866;0.815959004;17.59578336;11.06072514;0.03078699;196.0931427;0.120905784
200;900;10;208.9;84;300;150;61.06935472;8.681528647;2.111798445;63.65779169;330;91.32904533;0;332.2694504;0;0;0;1;3.922777958;0;339.6544489;250544.2316;-187.7817383;140.9667195;82.07344742;3.957312023;187.7817425;0.188998047;0.39787773;41.62523557;0.143344422;0.059540866;2.802397871;19.14079137;6.75267922;0.023948449;168.3875545;0.109308352
200;900;10;208.9;150;300;280;0;0;0;117.9715444;330;109.633818;0;332.2694504;0;0;0;1;0.521481984;0;462.8973114;250583.9649;-184.8012672;115.1909317;91.86666113;2.958484451;184.8012686;0.693106234;0;57.17725563;0;0.059540866;0.33852064;17.22444241;7.738932323;0;157.1930669;0.107285112
200;900;10;400;84;600;150;198.2426283;0;26.90571263;0;330;29.31263302;0;332.2694504;3.172346486;0;0;0;0;0;882.0573382;250508.7956;-272.4694249;482.1380549;2.537746067;5.151924256;272.4694575;0.015880273;0;0;0.220069548;0;0;24.31394296;35.27260073;0.023543542;192.0952741;0.116827514
200;900;10;400;150;600;280;125.5617195;0;49.82703098;0;330;51.48139257;0;332.2694504;2.38312984;0;0;0;3.829968791;0;308.5924253;250505.5845;-332.1522895;224.7921995;51.83910489;1.65326223;332.1523084;1.308358559;0;0;4.61628671;0;1.277000662;18.01680927;10.28824623;0.039872015;243.9393749;0.136178741
200;900;90;208.9;84;300;150;95.0182735;2.093013977;0;42.14596766;330;85.69515717;0;332.2694504;0;0;0;1;12.45975733;0;440.4889124;250536.8921;-185.286367;152.2684592;73.04699889;2.879729913;185.2863729;0.051796573;0.034297428;27.92001542;0;0.059540866;8.24215062;23.37537171;5.46154861;0.020225031;195.9777202;0.119085374
200;900;90;208.9;150;300;280;0;0;0;111.237588;330;115.5998268;0;332.2694504;0;0;0;1;3.97724607;0;542.2584078;250580.7214;-182.2373606;111.5464685;89.90599567;1.741178148;182.2373619;1.25826998;0;54.13742372;0;0.059540866;2.668898974;19.03922407;5.916081715;0;158.721313;0.107960586
200;900;90;400;84;600;150;157.3558817;0;29.71334608;0;330;42.81747637;0;332.2694504;5.102510904;0;0;0;0;0;675.5144562;250510.2925;-264.9655532;405.0696125;13.17007188;2.882516492;264.96558;0.007168194;0;0;0.204633473;0;0;19.79056478;28.58693175;0.019612232;194.7840795;0.11805177
200;900;90;400;150;600;280;107.6067543;0;30.97572679;0;330;89.13876621;0;332.2694504;4.725541089;0;0;1;0;0;367.2992067;250501.7783;-324.8767008;229.7937046;47.35754003;1.704752905;324.8767205;2.787477047;0;0;1.987401377;0.059540866;0;16.964118;9.12053905;0.033563689;251.3297051;0.138590991
50;600;10;208.9;84;300;150;124.1555768;27.42333593;28.4068973;0;267.7760195;47.73543724;0;332.2694504;0;0;0;0;0;0;437.6500085;250438.7785;-117.3458627;214.2032811;22.65277602;6.074077638;117.3458734;0.003160636;1.663221907;0;0.956173607;0;0;17.05067964;13.94422475;0.025182177;257.116486;0.140290318
50;600;10;208.9;150;300;280;0;0;0;115.68795;301.1759497;112.0332973;0;332.2694504;0;0;0;1;0;0;582.198451;250556.2689;-117.4820371;87.58891333;63.25106807;5.065890606;117.4820373;0.957064573;0;57.83518575;0;0.059540866;0;16.96114858;9.233151676;0;158.1610091;0.108855936
50;600;10;400;84;600;150;142.7538746;28.97059469;26.75506225;0;330;29.24171568;0;332.2694504;2.644982011;0;0;1;0;0;626.3248556;250502.897;-126.7621469;311.3975025;0.568622047;10.97013861;126.7621646;0;0.688021937;0;0.622814132;0.059540866;0;18.19827366;23.09853771;0.032716004;199.7492544;0.119723783
50;600;10;400;150;600;280;139.8757943;0;37.36469896;0;330;50.48075399;0;332.2694504;0;0;0;1;0;0;521.0160928;250497.8021;-199.2670314;197.8661422;23.05253589;6.101916536;199.2670481;0.762651913;0;0;6.285986775;0.059540866;0;17.10141021;13.13515849;0.022505311;281.2578655;0.154966915
50;600;90;208.9;84;300;150;108.8788209;45.19752465;17.96933503;9.920340474;330;38.41288773;0;332.2694504;7.342338466;0;0;1;0;0;409.1771455;250516.18;-105.6675216;198.1083893;19.65280656;7.573862902;105.6675316;0.001877949;2.545005441;3.307158592;0.633938968;0.059540866;0;16.96632939;11.50537359;0.025620556;278.4524849;0.150880711
50;600;90;208.9;150;300;280;0;0;0;117.6042963;330;110.116951;0;332.2694504;0;0;0;1;0;0;421.8923912;250582.9247;-110.047425;83.48667902;59.35488959;4.819070689;110.0474252;0.77818074;0;57.53297802;0;0.059540866;0;16.96114858;7.836694671;9.51E-10;158.4888278;0.109598098
50;600;90;400;84;600;150;183.3716001;26.20134605;35.3873393;0;330;0;0;332.2694504;13.27512749;0;0;1;0;0;528.939701;250536.2941;-122.7693731;290.0097499;2.202068878;8.100526414;122.7693893;0;1.029530132;0;1.104291024;0.059540866;0;18.0241204;18.12382126;0.048167993;265.2341626;0.139825296
50;600;90;400;150;600;280;114.5766583;0;20.04838077;15.71289278;330;77.38331538;0;332.2694504;1.551127456;0;0;1;0;0;335.6290763;250509.4132;-188.0331187;190.5629911;20.77050775;5.18780704;188.0331346;1.522355045;0;4.494672678;2.669278725;0.059540866;0;16.98758544;10.55393659;0.024763473;277.3845646;0.149125078
200;600;10;208.9;84;300;150;60.1809431;11.03064495;1.135260783;71.68662236;322.1203838;83.28895682;0;332.2694504;0;0;0;1;1.794686643;0;348.9661396;250543.5127;-126.0855923;104.8051898;55.2922263;7.920197693;126.0855954;0.068536898;0.208441662;46.24357806;0.09103204;0.059540866;1.256630208;17.93855676;8.191355804;0.021010749;180.0848928;0.11167238
200;600;10;208.9;150;300;280;0;0;0;118.5429171;309.5998588;109.1783302;0;332.2694504;0;0;0;1;0;0;543.9578852;250566.5496;-124.9615066;86.4725919;62.92122307;5.680338133;124.9615076;0.637906516;0;57.94036798;0;0.059540866;0;16.96114858;9.326072275;0;160.0183335;0.10928963
200;600;10;400;84;600;150;143.1136347;31.21204101;30.05157432;0;330;23.34399726;0;332.2694504;1.653711293;0;0;1;0;0;660.2829793;250501.3423;-168.2358153;308.0264068;1.060869079;10.83850385;168.2358361;0.004352676;0.603784947;0;0.656655743;0.059540866;0;18.23612163;23.62162655;0.021465081;203.6283368;0.120073443
200;600;10;400;150;600;280;120.5856687;0;61.25815479;20.7674828;330;36.29679503;0;332.2694504;0;0;0;0;13.92257923;0;517.4476996;250531.6682;-219.634932;177.3278733;27.42894195;4.304149624;219.634948;0.190398271;0;5.114502266;6.153260277;0;3.327801514;19.61033335;12.16825437;0.03468133;220.0654692;0.126343443
200;600;90;208.9;84;300;150;58.81422663;34.16305552;0;65.18449802;330;68.79291862;0;332.2694504;0;0;0;0;3.449468184;0;341.4308918;250544.0383;-121.5858662;110.2641712;49.79114092;5.886252929;121.5858698;0;0.863351331;42.72031288;0;0;2.373166155;18.86660472;7.137111842;0.02247913;172.8013174;0.107484583
200;600;90;208.9;150;300;280;0;0;0;109.1236548;330;118.5975924;0;332.2694504;0;0;0;1;0;0;462.8973114;250574.8278;-118.9949613;83.18072136;59.11546623;4.851413329;118.9949622;1.57714768;0;56.68320085;0;0.059540866;0;16.96114858;7.948935424;0;163.9741966;0.109807468
200;600;90;400;84;600;150;141.4609006;50.64978989;19.85689876;0;330;15.75365805;0;332.2694504;3.587169863;0;0;1;0;0;495.4793378;250504.1727;-159.9275487;274.9452474;4.514951896;7.364964195;159.9275667;0;2.825031925;0;0.75332003;0.059540866;0;17.76986402;17.50024411;0.029975404;206.3751756;0.121239076
200;600;90;400;150;600;280;114.2075865;0;57.89739665;14.83415871;330;40.48491807;0;332.2694504;1.985633049;0;0;1;1.337343148;0;340.1035936;250516.4163;-211.2358957;185.3895316;22.29305569;2.351830802;211.2359126;1.484980757;0;4.331010545;5.441067709;0.059540866;0.517854866;17.36748519;11.14541824;0.030840957;258.7201056;0.142035453
350;600;10;208.9;84;300;150;0;0;7.220312787;108.3184937;328.4643564;112.1824408;0;332.2694504;0;0;0;1;0;0;542.2584078;250573.777;-132.6509276;84.7789501;61.96362598;6.973704266;132.6509292;1.76799128;0;56.81660419;0.325368279;0.059540866;0;16.96114858;9.58880171;0;160.1317489;0.109207504
350;600;10;208.9;150;300;280;0;0;0;112.4751581;330;115.2460892;0;332.2694504;0;0;0;0;0;0;548.1536097;250578.0166;-131.7932607;84.06879238;62.06011314;7.358971728;131.7932623;1.135873318;0;57.46712781;0;0;0;17.02068944;9.514032416;0;160.4626939;0.109331198
350;600;10;400;84;600;150;133.3333469;0;21.99082731;0;330;72.39707302;0;332.2694504;7.129124755;0;0;1;0;0;582.4656141;250510.4746;-199.8552791;226.8621433;16.83273312;10.8407801;199.8552954;1.2297242;0;0;0.671921186;0.059540866;0;16.98395824;16.00769026;0.024439994;278.6378544;0.151788465
350;600;10;400;150;600;280;0;0;49.61185164;64.62652058;330;111.0216372;0;332.2694504;0;0;0;1;11.07557023;0;651.1164837;250550.3092;-237.5219021;78.15703235;58.68100214;5.41906156;237.5219037;11.14795546;0;39.68884673;3.22729954;0.059540866;4.451939391;20.4237681;9.418038994;0.001334919;167.9907207;0.110044662
350;600;90;208.9;84;300;150;5.422879121;0;0;109.2757636;330;113.0226045;0;332.2694504;0;0;0;1;0;0;542.2584078;250576.0178;-127.1379954;84.97581288;58.75768696;4.757437929;127.1379971;0.960291535;0;56.84415751;0;0.059540866;0;16.96114858;8.459763845;0.000201783;164.3844673;0.104687005
350;600;90;208.9;150;300;280;0;0;0;114.1333415;330;113.5253709;0;332.2694504;0;0;0;1;0.281406686;0;542.2584078;250580.0328;-126.8389226;83.52987944;59.17818246;4.68852325;126.8389242;1.080092304;0;57.27279583;0;0.059540866;0.186198342;17.10596951;8.407663046;6.40E-07;164.6311554;0.107239317
350;600;90;400;84;600;150;122.9849236;0;17.28939049;9.870670418;330;77.57626281;0;332.2694504;4.788026675;0;0;1;0;0;422.6530591;250512.4476;-188.4689595;211.1735436;16.38036147;6.92279296;188.4689744;1.73166994;0;2.817448591;0.657425966;0.059540866;0;16.96114858;12.49643427;0.028723712;297.2822418;0.150437436
350;600;90;400;150;600;280;39.62512892;0;24.80149141;50.61969727;330;109.8167405;0;332.2694504;0;0;0;1;12.86185117;0;440.3264593;250540.2508;-228.404464;106.0541227;47.38313253;4.371781127;228.4044705;4.504879326;0;33.41839901;1.755914373;0.059540866;4.927018606;20.79368634;7.48874918;0.007930828;172.454647;0.106848075
50;300;50;208.9;84;300;150;0;171.1094984;0;0;0;26.81351002;0;332.2694504;37.10842137;0;28.98877878;0;0;0;0;250435.1319;-127.3759412;178.7928282;40.43576559;0.002177747;127.3759483;0.116978507;58.34462613;0;0;0;0;17.31502102;0;0;192.0096729;0.133525655
50;300;50;208.9;150;300;280;0;0;0;113.7320979;246.6568616;113.9891493;0;332.2694504;0;0;0;1;0;0;544.889312;250507.0435;-65.866303;61.27989683;35.81945533;5.586117063;65.86630314;1.052128;0;57.63509238;0;0.059540866;0;16.96114858;9.556567969;0;167.8175236;0.107947648
50;300;50;400;84;600;150;97.03484463;55.3861243;23.20531356;23.84500348;200.5062256;28.24996131;0;332.2694504;4.603151201;0;0;1;0;0;294.0509515;250409.6347;-71.25306421;185.132947;0.360003694;4.713323521;71.25307404;0;3.708400193;8.312773265;1.050703045;0.059540866;0;17.08263585;9.300119189;0.03259292;220.6052184;0.123120604
50;300;50;400;150;600;280;101.3210241;0;45.92307961;38.43826528;246.8063675;41.79990631;0;332.2694504;0;0;0;1;1.075374054;0;347.4993194;250459.0806;-108.2477617;141.2947195;6.685393349;4.237313595;108.2477737;0.416161741;0;15.76365723;4.016361435;0.059540866;0.309542508;17.20341624;10.32036312;0.03303481;239.5267479;0.131149873
50;600;50;208.9;84;300;150;128.3723986;23.01733809;22.98992397;1.665074603;288.3546653;51.67651201;0;332.2694504;0;0;0;1;0;0;609.0113866;250459.22;-112.1536475;210.9373156;19.9932581;6.267251706;112.1536581;0.001694209;1.35392943;0.453659919;0.517327062;0.059540866;0;17.14467334;14.36794784;0.020435658;314.0909608;0.159455217
50;600;50;208.9;150;300;280;0;0;0;112.1029904;330;115.6182569;0;332.2694504;0;0;0;0;0;0;651.22475;250577.4727;-112.257237;84.32372575;60.32884336;5.704786164;112.2572372;1.378141332;0;57.54829746;0;0;0;17.02068944;9.244221894;0;167.8104046;0.109020235
50;600;50;400;84;600;150;159.0327608;35.87995751;32.80852899;0;330;0;0;332.2694504;9.926905461;0;0;1;0;0;509.258678;250523.468;-122.9642855;299.7874223;1.016663911;8.818768884;122.9643023;0;1.027582581;0;0.840790527;0.059540866;0;17.78613324;19.42561324;0.03109479;216.4932495;0.120079372
50;600;50;400;150;600;280;121.0223048;0;21.32548766;9.053716869;330;76.31973796;0;332.2694504;9.413920275;0;0;1;0;0;458.0647212;250522.6764;-192.6358967;195.5799038;21.14993749;6.391694759;192.6359134;1.046266282;0;2.424163237;3.391944452;0.059540866;0;16.96639765;11.22675255;0.022984243;304.9852614;0.153957091
200;300;50;208.9;84;300;150;0;157.5740816;0;0;0;40.94147789;0;332.2694504;36.99496778;0;29.10200415;0;0.850901896;0;0;250436.1595;-149.0382101;176.7499993;40.5786962;0.001927397;149.0382189;0.282197256;57.54842134;0;0;0;0.633622485;17.79677505;0;0;200.6073383;0.13552073
200;300;50;208.9;150;300;280;0;0;0;111.5062549;241.9012992;116.2149924;0;332.2694504;0;0;0;1;0;0;523.1767429;250500.5786;-71.74373445;61.77575122;35.96935062;5.253220749;71.74373499;1.320662247;0;57.41341121;0;0.059540866;0;16.96114858;9.371531995;0;169.4683958;0.108009647
200;300;50;400;84;600;150;91.69690429;31.98174792;28.40368296;29.73370904;286.0668618;45.90520306;0;332.2694504;14.41121306;0;0;0;0;0;367.4485846;250511.1918;-84.84575038;167.2144116;0.770385918;11.97905483;84.84576116;0.009574368;3.16208739;10.68188141;1.566455659;0;0;17.05748094;10.4562027;0.030540661;224.0204299;0.119294867
200;300;50;400;150;600;280;92.37952845;0;42.96043155;44.69162833;330;58.71350451;0;332.2694504;8.125913123;0;0;0;3.482082158;0;426.8685662;250555.9579;-114.4610132;125.8434742;7.254219634;11.01083401;114.4610253;0.352522027;0;18.94225993;4.644126028;0;1.138886795;17.90905136;11.64000225;0.027626976;221.3540624;0.123400152
200;600;50;208.9;84;300;150;78.57038769;0;12.4081221;62.4170025;330;73.55918649;0;332.2694504;0;0;0;1;3.449468184;0;448.0962724;250547.7023;-122.8705268;109.7021815;50.55088537;6.204058517;122.8705304;0.032522662;0;41.24005988;1.009919491;0.059540866;2.427659031;18.85227563;8.442854165;0.016679511;202.4444828;0.113663344
200;600;50;208.9;150;300;280;0;0;0;109.1927826;330;118.5284646;0;332.2694504;0;0;0;1;0;0;526.0686203;250575.0639;-120.8055912;83.64334805;60.28128483;5.853878863;120.8055921;1.549624387;0;56.90684292;0;0.059540866;0;16.96114858;8.798270971;0;172.7793543;0.109454825
200;600;50;400;84;600;150;141.112426;34.16261965;25.97452621;0;330;32.66620692;0;332.2694504;12.89018384;0;0;1;0;0;630.3637872;250526.4923;-162.6333478;292.7287736;2.128431582;8.892209638;162.6333673;0;1.317935942;0;0.630235981;0.059540866;0;18.10614788;20.67420484;0.020579184;214.4556567;0.117822713
200;600;50;400;150;600;280;124.1751981;0;59.53876795;10.71688011;330;32.30047286;0;332.2694504;0;0;0;1;10.19086625;0;558.1710623;250518.8885;-214.596336;183.3776261;23.86856635;2.919726377;214.5963529;0.421683433;0;2.666725276;6.302888276;0.059540866;2.570986879;18.9625064;11.73519228;0.028923122;267.0736199;0.139395212
50;900;50;208.9;84;300;150;108.8257934;45.79789432;15.81343374;0;330;53.64217294;0;332.2694504;3.641952919;0;0;1;0;0;458.0035433;250497.6748;-164.5487928;238.4731937;47.37504117;4.250661276;164.5488035;0;2.7681151;0;0.29698425;0.059540866;0;16.96376452;11.35159475;0.022609438;269.5435706;0.138032131
50;900;50;208.9;150;300;280;0;0;0;117.6026314;330;110.1186159;0;332.2694504;0;0;0;1;0;0;482.3174958;250583.1894;-170.1668138;115.185948;90.64377857;1.888124953;170.1668141;0.721294491;0;57.37162943;0;0.059540866;0;16.96114858;6.733582464;0;172.712677;0.109910379
50;900;50;400;84;600;150;220.2216693;0;36.66505066;0;330;3.949425521;0;332.2694504;15.71200788;0;0;0;0;0;763.96984;250542.7475;-203.7570329;474.9311779;2.360157408;3.602537357;203.7570597;0;0;0;0.267573212;0;0;65.37813009;31.88505676;0.032543797;218.1270846;0.11874083
50;900;50;400;150;600;280;108.5382421;0;22.62205053;0;330;96.56095462;0;332.2694504;2.927215363;0;0;1;0;0;476.0134069;250496.8213;-297.8610749;231.37111;48.09309297;2.518079463;297.8610924;2.560960017;0;0;2.005892909;0.059540866;0;16.96505675;9.729691271;0.027216976;267.5048503;0.135858235
200;900;50;208.9;84;300;150;70.83047376;13.45974472;0;52.61548141;330;88.7971732;0;332.2694504;0;0;0;1;9.082683809;0;345.2325777;250539.9326;-185.7947872;144.3994842;77.68047062;3.138241954;185.7947921;0.098938247;0.468640621;34.53555142;0;0.059540866;6.177625253;21.76596822;5.906043323;0.022934106;195.1901633;0.110844065
200;900;50;208.9;150;300;280;0;0;0;109.0395761;330;118.4518031;0;332.2694504;0;0;0;1;1.034406093;0;491.4333085;250575.6571;-183.6217295;114.2053135;90.40537596;1.978640264;183.6217309;1.618036613;0;55.85800414;0;0.059540866;0.730222828;17.52909967;6.691708632;0;177.1498215;0.107449033
200;900;50;400;84;600;150;173.8430294;0;38.34266082;0;330;30.24869768;0;332.2694504;8.566175067;0;0;0;0;0;744.234888;250520.4857;-267.1374725;444.7344262;7.109235223;3.554053792;267.1375023;0.004672635;0;0;0.194741883;0;0;19.65499618;32.89549435;0.02035902;220.5849;0.119076103
200;900;50;400;150;600;280;117.9941334;0;49.67991605;0;330;60.0471978;0;332.2694504;1.999673323;0;0;1;0;21.9285667;439.8090421;250524.9407;-325.3992646;230.9366212;47.89820735;0.871159759;325.3992844;1.422316598;0;0;3.182469334;0.059540866;0;16.99355027;10.49422441;0.031825674;327.6138393;0.160009766
350;300;50;208.9;84;300;150;0;0;0;0;0;196.3464339;0;332.2694504;36.4507517;0;29.64512554;0;6.956172688;0;0;250441.6131;-163.7345355;65.41131273;41.516317;0.002215122;163.7345366;53.60932888;0;0;0;0;4.862810799;20.9935407;0;0;205.4187207;0.130802758
350;300;50;208.9;150;300;280;0;0;0;0;0;195.0051264;0;332.2694504;36.4788413;0;29.61709245;0;8.210105001;0;0;250442.6186;-163.0346601;64.70566459;41.68847518;0.002583164;163.0346612;52.82142469;0;0;0;0;5.651178804;21.60145714;0;0;208.3454098;0.131165121
350;300;50;400;84;600;150;95.75834539;0;32.03552301;38.32982684;330;61.59755203;0;332.2694504;3.664072582;0;0;0;0;0;556.2707006;250535.4886;-97.74464821;139.8826773;4.055572971;14.44380125;97.74465844;0.487708362;0;17.8127928;1.65149955;0;0;17.02087438;9.918375447;0.02991289;253.9349226;0.12979027
350;300;50;400;150;600;280;26.81340652;0;68.99398406;59.25571118;330;70.09472416;0;332.2694504;0;0;0;1;11.5353961;0;803.3520873;250553.1108;-125.6163551;67.40504871;25.589471;9.921620065;125.616359;4.745892716;0;37.15436856;4.844655024;0.059540866;4.163581182;20.20174302;11.90635067;0.004798335;189.3550482;0.107181377
350;600;50;208.9;84;300;150;11.62261719;0;0;110.2152888;330;105.8833413;0;332.2694504;0;0;0;0;0;0;542.2584078;250577.6147;-128.9824552;86.19161372;59.79250729;5.804608374;128.9824571;0.446416468;0;57.09855636;0;0;0;17.02068944;9.196242022;0.00084132;182.3433145;0.104890397
350;600;50;208.9;150;300;280;0;0;0;111.0516648;330;116.6695824;0;332.2694504;0;0;0;1;0;0;537.2201875;250576.8399;-129.1300904;83.84287531;60.32378265;5.805685567;129.130092;1.355798229;0;57.19507268;0;0.059540866;0;16.96114858;8.907269008;0;180.904532;0.10955074
350;600;50;400;84;600;150;125.664197;0;23.31984178;3.85141396;330;74.8857945;0;332.2694504;1.181051847;0;0;1;0;0;569.9412552;250499.8565;-192.7541791;220.5462127;15.90264636;8.680165455;192.7541949;1.265775958;0;1.063214659;0.607484446;0.059540866;0;16.96401285;14.09871168;0.02581128;301.7992582;0.148870169
350;600;50;400;150;600;280;19.21512787;0;29.47757228;56.59029769;330;119.9886582;0;332.2694504;0;0;0;1;11.02316051;0;446.9978381;250541.9821;-232.6922561;92.25718654;52.7984412;5.13154344;232.6922601;7.971806297;0;36.69316834;2.1161981;0.059540866;4.426402344;20.40390596;7.731090614;0.002298671;188.9320755;0.107205478
350;900;50;208.9;84;300;150;6.693162578;0;0;111.3654164;330;108.3977914;0;332.2694504;0;0;0;1;5.691945747;0;420.8755026;250583.1448;-195.5974303;112.3288403;90.0404578;2.128849288;195.5974328;0.697315157;0;53.27727366;0;0.059540866;3.551865085;19.72371031;6.703946953;7.03E-05;183.1384401;0.104259459
350;900;50;208.9;150;300;280;0;0;0;103.3633654;330;122.8015037;0;332.2694504;0;0;0;1;7.003701478;0;492.5181351;250575.6674;-196.2057281;109.6062813;89.99216279;2.150564118;196.2057305;2.234735843;0;51.57593422;0;0.059540866;4.283773983;20.29297279;6.693389336;1.04E-05;184.611009;0.107843314
350;900;50;400;84;600;150;153.0253729;0;31.19274957;0;330;58.31527459;0;332.2694504;0;0;0;1;0;0;667.7152527;250499.6802;-302.8711159;257.4474918;42.93299892;3.582916009;302.871133;0.084713772;0;0;0.158986126;0.059540866;0;17.09388921;14.60840039;0.026164832;311.0567638;0.149116142
350;900;50;400;150;600;280;43.96863456;0;43.9520459;28.38676516;330;107.7638484;0;332.2694504;0;0;0;0;16.42478958;0;452.0556108;250524.9266;-350.7179213;145.1618992;72.65143738;1.111900036;350.7179305;9.529441781;0;19.7422315;2.441664935;0;7.593511355;22.92705832;5.860395461;0.007476728;192.3348664;0.106772687
50;300;10;304.45;84;450;150;88.09617044;41.24669305;18.71075843;19.56489964;193.81452;59.81115135;0;332.2694504;0.291574359;0;0;1;0;0;403.1357983;250387.4681;-73.67706835;178.6487398;2.875059372;5.417536386;73.67707768;0;3.938889655;7.42705467;0.885758097;0.059540866;0;16.96693941;11.47010471;0.034160914;261.4377964;0.131211827
50;300;10;304.45;150;450;280;60.87720269;0;23.84008606;63.09445483;272.9640859;79.13570765;0;332.2694504;0;0;0;1;3.482082158;0;461.9953095;250497.4921;-98.05639318;83.48726368;26.97939594;8.488923752;98.05639721;0.592312303;0;41.85414509;2.032984417;0.059540866;1.675323244;18.26680337;9.788724997;0.022139531;206.3998203;0.112741633
50;300;50;304.45;84;450;150;92.52867729;66.45861706;21.83481552;19.70437016;204.254036;20.10235894;0;332.2694504;7.092408302;0;0;0;0;0;487.7028981;250413.8459;-70.67678217;173.9140235;2.381688984;5.066076395;70.67679125;0;4.309971511;8.031519509;1.019969889;0;0;17.02068944;10.04924431;0.032897294;257.1244383;0.127281924
50;300;50;304.45;150;450;280;58.19311096;0;25.61393634;68.04222222;274.6409106;75.09052784;0;332.2694504;0;0;0;0;3.516524619;0;458.5146771;250503.2155;-94.59775759;79.72396618;26.97658058;7.542646625;94.59776111;0.430044199;0;43.79382273;1.812052769;0;1.693285596;18.33768935;9.749168372;0.016977762;221.9149874;0.115856626
50;600;10;304.45;84;450;150;140.0976368;19.20391891;25.89788987;0;330;40.00328172;0;332.2694504;2.518520008;0;0;1;0;0.018555763;631.8928267;250501.9006;-125.6243202;230.4970177;16.41659601;10.93784454;125.624332;0.005212696;0.684159161;0;0.599632235;0.059540866;0;16.98086124;17.9943661;0.021957497;310.8242875;0.148797039
50;600;10;304.45;150;450;280;56.84893739;0;26.7415568;68.68819523;330;75.25346855;0;332.2694504;0;0;0;0;0.850901896;0;419.3639514;250549.1879;-168.8319715;108.5867881;53.62910806;6.764244826;168.8319753;0.465089382;0;44.49184901;1.811524811;0;0.430053856;17.35517578;9.110939983;0.019861879;203.0164664;0.107731909
50;600;50;304.45;84;450;150;127.3814739;31.76501383;26.81714047;0;330;36.60858689;0;332.2694504;5.14903222;0;0;1;0;0;607.3161776;250506.5339;-121.7166385;225.1525272;15.39566186;8.960496901;121.7166501;0;1.465847302;0;0.613341477;0.059540866;0;16.97832378;16.00680621;0.020667124;276.0744269;0.136863224
50;600;50;304.45;150;450;280;61.37636672;0;10.38118339;60.70998421;330;94.2264828;0;332.2694504;0;0;0;1;4.622535659;0;344.3992531;250543.1349;-165.7664571;111.0936611;50.02964708;6.337340355;165.7664617;0.873047739;0;40.69712335;0.833368278;0.059540866;2.210937144;18.68336776;7.724125603;0.022415784;202.9128687;0.108189366
200;300;10;304.45;84;450;150;94.35471668;47.33405124;7.131829314;30.54738335;227.2993554;49.40614394;0;332.2694504;2.172249063;0;0;1;0;0;377.5465949;250431.173;-90.20657192;161.7887984;4.735895365;7.443391957;90.20658182;0.008197326;1.666944819;14.0648123;0.42223428;0.059540866;0;16.96354088;10.17536685;0.028527107;277.7653512;0.133197463
200;300;10;304.45;150;450;280;0;0;6.958005691;101.9720574;317.3179826;118.7684168;0;332.2694504;0;0;0;0;0.102453259;0;575.2500925;250558.1103;-96.22057656;53.44188811;34.84498201;12.94598833;96.22057708;2.371373608;0;55.84241643;0.457504366;0;0.039863945;17.05169473;10.25775586;8.18E-09;196.3497443;0.106920776
200;300;50;304.45;84;450;150;90.75226639;19.23877601;20.4138991;35.63978501;277.440805;59.16760369;0;332.2694504;2.508917078;0;0;1;0;3.251576854;440.370077;250485.529;-81.57474932;149.331981;4.123727197;9.985392596;81.57475853;0.04050589;0.887123939;16.52124758;1.067987325;0.059540866;0;16.96409247;9.704309315;0.027767213;296.3289858;0.140221889
200;300;50;304.45;150;450;280;0;0;7.898339324;108.8345011;330;110.8874715;0;332.2694504;0.100935342;0;0;1;0;0;588.8921756;250576.5647;-91.03759047;52.48496927;33.46752869;12.78176333;91.03759098;1.403669437;0;56.90884255;0.439473974;0.059540866;0;16.96114858;10.60158959;0;197.6803875;0.106160374
200;600;10;304.45;84;450;150;139.5160343;33.53573004;29.21602232;0;330;24.1196687;0;332.2694504;1.333791915;0;0;1;0;0;546.7688939;250499.6875;-155.6699068;228.4115757;16.85003551;10.69776764;155.6699209;0.003669266;0.857013222;0;0.839269363;0.059540866;0;16.97412578;16.5032049;0.024732777;327.0716144;0.154979918
200;600;10;304.45;150;450;280;0;0;10.98616921;101.4087574;330;114.0337462;0;332.2694504;0;0;0;1;5.816584929;0;463.2400338;250574.4789;-175.4793256;81.45371992;61.6322484;7.265162845;175.4793266;2.325586522;0;53.66796812;0.440943567;0.059540866;1.963755139;18.48851369;9.342536562;0.00024436;197.4245302;0.107215838
200;600;50;304.45;84;450;150;121.7767979;36.96523838;24.16456423;0;330;40.57217398;0;332.2694504;4.242472823;0;0;0;0;0;555.9981615;250502.2872;-151.3640502;223.2431227;15.95707872;8.885212085;151.364064;0.002901914;2.1243638;0;0.706805139;0;0;17.04097605;14.38789649;0.020551501;343.1723144;0.154299845
200;600;50;304.45;150;450;280;0;0;0;109.4473103;330;117.4477705;0;332.2694504;0;0;0;1;3.717748762;0;562.1909314;250578.9047;-170.6710558;81.9004287;60.14945904;5.821204438;170.6710567;1.382728244;0;55.55634204;0;0.059540866;1.490493313;18.12042115;9.072877109;0;203.6275437;0.107327273
50;300;90;304.45;84;450;150;95.71838686;88.97124834;22.01060622;21.02100585;229.4766438;0;0;332.2694504;5.326084154;0;0;0;0;0;275.0732454;250433.5157;-67.61873074;164.1585527;2.963960351;5.951095591;67.61873926;0;5.237546228;10.19657907;1.19594075;0;0;17.02407009;9.21151344;0.050133562;477.0370565;0.185319194
50;300;90;304.45;150;450;280;55.79514852;0;22.1974269;73.69117905;310.0404529;76.0374928;0;332.2694504;0;0;0;1;0;0;426.8685662;250535.868;-87.9478279;74.48717076;26.19994996;9.830795322;87.94783097;0.300754433;0;47.10604073;1.558574899;0.059540866;0;16.96216721;9.587661878;0.021995197;230.3500782;0.115774063
50;600;90;304.45;84;450;150;140.7086589;45.10581493;30.89659096;0;328.0799564;11.01018249;0;332.2694504;0;0;0;1;0;0;555.477522;250496.3677;-119.3973896;220.8455818;14.91007418;7.197505939;119.3974008;0;2.256617557;0;0.800354376;0.059540866;0;17.27400249;15.80809057;0.027569583;294.9763363;0.138367361
50;600;90;304.45;150;450;280;63.34305097;0;17.52620038;54.26850097;330;90.84792428;0;332.2694504;0;0;0;1;7.810068017;0;417.1218522;250541.3363;-162.8548065;113.642797;46.83348295;4.819220997;162.8548117;1.092559996;0;36.41378741;1.257013627;0.059540866;3.869306938;19.97060953;7.605486766;0.022121225;216.0131533;0.108003295
200;300;90;304.45;84;450;150;99.51976219;16.10364123;24.13494276;40.90687339;272.888799;46.40739249;0;332.2694504;0.648635204;0;0;1;0;0;398.7833487;250480.907;-79.33050593;142.8118793;4.60134735;8.253715019;79.3305146;0.002057264;0.510602082;17.97196897;1.227560418;0.059540866;0;16.96114858;10.59255894;0.037485355;319.8072407;0.139531972
200;300;90;304.45;150;450;280;0;0;17.16465341;103.6851484;330;106.8714455;0;332.2694504;0;0;0;1;0;0;614.4540408;250572.7001;-88.63000835;52.4864959;32.01579847;11.28150677;88.63000883;2.116309445;0;55.70110513;0.91929259;0.059540866;0;16.96114858;10.54736236;0;213.4888508;0.108252794
200;600;90;304.45;84;450;150;114.8337375;55.79865484;9.093251151;12.45892447;330;32.38751143;0;332.2694504;3.149167837;0;0;1;0;0;461.1370698;250509.4906;-147.1973674;210.5874081;17.13338084;7.149128808;147.1973801;0;1.625203903;3.748115397;0.327994689;0.059540866;0;16.97574424;12.07918784;0.026715442;351.1967666;0.152509065
200;600;90;304.45;150;450;280;0;0;1.75240745;107.5076173;330;116.9588253;0;332.2694504;0;0;0;0;6.760787582;0;611.8740298;250579.91;-167.4051725;79.96601684;58.75209462;4.688888603;167.4051734;1.493983784;0;53.98082657;0.06677481;0;2.663595636;19.09237494;8.608314631;0.000358853;211.0961982;0.10813085
50;900;10;304.45;84;450;150;163.4353595;25.9720037;32.8040766;0;330;5.500007352;0;332.2694504;10.98245179;0;0;0;0;0;856.2542449;250526.5872;-204.0968182;263.6311767;43.9360363;5.345584426;204.0968303;0;0.014488351;0;0.100508516;0;0;17.04999207;20.46500748;0.019837648;298.8175241;0.133588233
50;900;10;304.45;150;450;280;65.74939447;0;15.58678882;58.95005685;330;85.54925992;0;332.2694504;0;0;0;0;8.485862446;0;342.1824677;250545.6415;-251.8819842;144.5686255;80.11591282;3.118185567;251.8819894;0.717178343;0;38.10942306;0.921513108;0;4.010275497;20.14304843;7.144839833;0.020115173;218.5190894;0.10566387
50;900;50;304.45;84;450;150;152.5916609;59.49619723;25.39835167;0;330;0;0;332.2694504;3.50459014;0;0;0;0;0;814.8388931;250506.981;-199.9998147;259.8797549;42.47558519;3.672829976;199.9998266;0;0.028973709;0;0.054671096;0;0;17.06190515;17.84038694;0.023380439;289.9710157;0.130760992
50;900;50;304.45;150;450;280;77.12734131;0;11.62239125;46.06539087;330;89.93348916;0;332.2694504;0;0;0;1;13.37685608;0;307.2153655;250539.8741;-248.6551856;149.2077508;75.23101749;2.427954804;248.655192;0.703224621;0;30.72234698;0.667416065;0.059540866;6.714542535;22.18368953;6.107309164;0.025719697;225.1239997;0.110076482
200;900;10;304.45;84;450;150;130.0837807;33.05255399;14.25135579;0;330;50.33355676;0;332.2694504;0;0;0;1;0;0;549.3283901;250493.0607;-238.9175639;257.4346674;45.33379736;5.275316171;238.9175783;0.004540397;0.790663323;0;0.319971645;0.059540866;0;17.05268183;13.55731108;0.028244435;315.2453767;0.13765746
200;900;10;304.45;150;450;280;0;0;0;101.1678507;330;125.3038522;0;332.2694504;0;0;0;1;5.622949508;0;452.0556108;250571.9809;-262.5894476;112.2861242;91.21184712;3.131696565;262.5894489;2.76006593;0;53.1246479;0;0.059540866;2.484006208;18.89315341;7.52947731;0;215.158933;0.107765776
200;900;50;304.45;84;450;150;121.907407;23.84832605;25.48859428;0;330;52.06109997;0;332.2694504;4.415819935;0;0;1;0;0;453.0235649;250503.0543;-234.3873584;252.0873693;44.34773164;3.540815357;234.3873725;0.008950434;1.04497806;0;0.414041025;0.059540866;0;16.97971312;12.25541436;0.027287788;327.0902996;0.141580087
200;900;50;304.45;150;450;280;0;0;0;102.5767643;330;122.6472447;0;332.2694504;0;0;0;1;11.23757212;0;514.0829944;250579.1424;-258.1488668;109.1413582;89.79361568;1.979949283;258.1488682;2.055660315;0;51.2913902;0;0.059540866;4.487568553;20.45147967;6.836081833;2.85E-05;214.3192304;0.10821039
50;900;90;304.45;84;450;150;152.4991211;27.89335736;18.18636564;0;330;24.9457462;0;332.2694504;4.196656934;0;0;1;0;0;672.7599645;250506.88;-198.2910846;256.6264541;42.17820215;2.963367011;198.2910964;0;0.11708508;0;0.118708351;0.059540866;0;16.99905856;17.27259765;0.024347753;315.4007261;0.138333284
50;900;90;304.45;150;450;280;96.09045;0;3.596339179;27.90237762;330;96.62759133;0;332.2694504;0;0;0;1;15.77020112;0;467.7567084;250526.4897;-248.711475;166.3401402;67.66511223;2.742775682;248.7114843;0.603155497;0;20.7856492;0.249090128;0.059540866;8.329448371;23.43992771;5.881138668;0.024979397;248.8642829;0.115711246
200;900;90;304.45;84;450;150;124.4496766;22.91872083;21.73945753;0;330;58.45505185;0;332.2694504;0.15834044;0;0;1;0;0;500.1139765;250493.063;-232.020389;251.0403124;43.49621766;2.898914818;232.020403;0.006756859;0.963812295;0;0.303255922;0.059540866;0;16.97042519;12.15517933;0.023618297;358.4524498;0.154110544
200;900;90;304.45;150;450;280;0;0;0;94.65256558;330;130.0389881;0;332.2694504;0;0;0;0;13.63362112;0;542.2584078;250572.8566;-257.7841248;106.6616993;88.81049773;1.77803155;257.7841262;3.751857541;0;48.16487965;0;0;6.188287674;21.83416449;5.897920961;0.000318775;217.3029278;0.10831458
350;300;10;304.45;84;450;150;93.75830789;0;77.49850335;38.11511444;308.3103336;18.16023229;0;332.2694504;0;0;0;1;0.850901896;0;417.1218522;250515.2586;-97.88971366;129.9074373;8.662048111;8.979504101;97.88972255;0.371296725;0;16.8572967;6.487578391;0.059540866;0.325652157;17.21450914;11.57076058;0.029199419;282.6754519;0.124895509
350;300;10;304.45;150;450;280;0;0;24.42187818;102.9470745;322.3402382;100.3522946;0;332.2694504;0;0;0;1;0;0;570.7765478;250566.418;-100.0952815;53.64935301;34.58490224;12.63721417;100.0952824;2.080304525;0;55.42982517;1.229592211;0.059540866;0;16.96114858;10.87033994;0;217.1341071;0.108098618
350;300;50;304.45;84;450;150;91.44081466;0;32.93902806;41.11657338;269.1913281;62.08017034;0;332.2694504;0;0;0;1;0.650973745;0;447.3084695;250476.7318;-99.13884409;136.972992;7.042912308;6.488777364;99.13885347;0.480252448;0;17.53726404;3.686273778;0.059540866;0.25548429;17.15991638;10.5261999;0.032092774;284.8454755;0.126707966
350;300;50;304.45;150;450;280;0;0;33.07580922;103.9205213;330;90.6842502;0;332.2694504;0;0;0;1;0.182999498;0;540.9552595;250575.5595;-95.790029;52.57374792;33.15125103;12.04344115;95.79002987;1.85554592;0;55.29436993;1.352689449;0.059540866;0.079863114;17.02326433;10.84322904;6.59E-07;217.0214558;0.106300341
350;600;10;304.45;84;450;150;117.4013504;0;49.37480145;21.86801093;330;42.47402072;0;332.2694504;15.00945404;0;0;0;1.608535223;0.181245061;526.8370153;250553.4012;-179.1392028;183.7318202;26.57923922;4.939592267;179.1392151;0.191173324;0;5.801829243;5.998550275;0;0.504444553;17.4200025;11.39882917;0.033851193;344.3499009;0.144258635
350;600;10;304.45;150;450;280;0;0;10.8841523;94.64929648;330;121.8381352;0;332.2694504;0;0;0;1;1.573485026;0;542.2584078;250563.924;-185.3601561;82.8816588;61.29388401;7.138879835;185.3601578;3.894592397;0;53.43124032;0.603884486;0.059540866;0.664514607;17.47799327;9.159338135;0;221.964445;0.106795422
350;600;50;304.45;84;450;150;123.5755981;0;48.79322549;9.654740946;330;45.69768277;0;332.2694504;0;0;0;1;0;0;396.2089453;250506.2397;-175.4516488;190.4441713;22.61909528;3.609656044;175.4516617;0.711030101;0;2.466042032;6.150715394;0.059540866;0;17.1082313;11.19005447;0.027299171;350.2797989;0.144409331
350;600;50;304.45;150;450;280;0;0;21.20374074;94.90563253;330;110.5994755;0;332.2694504;0;0;0;1;4.555793114;0;508.619514;250568.5228;-180.3031584;81.10745567;59.44202497;5.322439385;180.3031599;3.588562798;0;51.98174093;0.818044975;0.059540866;2.012732525;18.52660721;8.958722127;0;227.4858374;0.107588625
350;300;90;304.45;84;450;150;80.24961362;0;28.69449478;50.25297585;330;68.29170689;0;332.2694504;0.024781597;0;0;1;0.934535416;0;420.7072234;250536.3346;-89.14180859;122.3888212;7.193135537;11.27813952;89.14181707;0.431480744;0;21.86835477;3.038278166;0.059540866;0.324455444;17.21349998;10.72321809;0.026646786;292.6310989;0.122369989
350;300;90;304.45;150;450;280;0;0;36.83310312;99.21752108;330;91.46570677;0;332.2694504;0;0;0;1;0.922123381;0;627.6080353;250572.0442;-93.38015415;52.58175388;31.65979496;10.60596427;93.38015498;2.822801208;0;54.02542722;1.6878564;0.059540866;0.400999914;17.2730374;10.99168127;0;232.7569436;0.106342241
350;600;90;304.45;84;450;150;122.9849236;0;35.22331432;21.55752141;330;47.95548799;0;332.2694504;0;0;0;1;0;0;548.6474603;250515.9944;-170.6332405;188.8731449;21.32044511;3.708363738;170.6332534;0.279330367;0;5.42629496;3.843751094;0.059540866;0;17.05961428;11.96270186;0.032628452;357.6977239;0.145159833
350;600;90;304.45;150;450;280;0;0;5.303261316;101.8894313;330;118.3113156;0;332.2694504;0;0;0;1;9.977575983;0;593.9988889;250578.0918;-176.0140978;78.85861601;58.47948719;4.654336279;176.0140993;2.325649737;0;52.10013497;0.199267171;0.059540866;3.718660995;19.85344046;8.584217502;0;238.1385858;0.107928312
350;900;10;304.45;84;450;150;132.9745066;0;38.64245995;2.6825435;330;45.54282034;0;332.2694504;19.25665249;0;0;1;0.071662798;0;525.9129577;250543.7832;-269.5575615;231.7196093;50.51463449;2.407459122;269.5575764;0.376373672;0;0.491982726;3.91550935;0.059540866;0.02933764;16.99050062;11.50601932;0.028843929;394.5405732;0.151685155
350;900;10;304.45;150;450;280;0;0;1.493881902;109.0070609;330;115.7165929;0;332.2694504;0;0;0;1;6.766702296;0;490.6653094;250581.3217;-274.2383153;111.9690014;91.41339984;2.968900173;274.2383177;1.410478782;0;53.85575293;0.047115584;0.059540866;2.81930446;19.15394094;7.858109514;0;234.6114691;0.107689808
350;900;50;304.45;84;450;150;105.5577046;0;21.61636468;10.69099026;330;85.80707851;0;332.2694504;4.049109224;0;0;0;0;0;419.1228585;250508.1293;-265.8895232;228.4882663;49.33652526;2.343751848;265.8895378;1.621655824;0;2.743106986;1.807295824;0;0;17.02252907;9.541874143;0.030933719;326.5561878;0.131203834
350;900;50;304.45;150;450;280;0;0;0;101.1529306;330;123.9248538;0;332.2694504;0;0;0;1;11.89558286;0;534.167962;250578.1121;-271.0754606;108.9422944;89.69584153;1.980354615;271.075463;2.486375112;0;50.74850937;0;0.059540866;4.870204221;20.74908519;6.881076311;2.85E-05;239.8443798;0.108003021
350;900;90;304.45;84;450;150;122.0705061;0;22.22945327;0;330;79.63513999;0;332.2694504;3.786147924;0;0;1;0;0;483.4028203;250501.188;-263.1373533;234.1889037;46.37514804;2.161332097;263.1373686;1.018819044;0;0;1.562680108;0.059540866;0;16.98161937;10.70212051;0.025430669;384.6813657;0.149542325
350;900;90;304.45;150;450;280;0;0;0;100.9567872;330;123.6084663;0;332.2694504;0;0;0;1;14.20197239;0;462.8973114;250579.6779;-269.790389;106.83769;89.14246169;1.779488928;269.7903914;2.683114929;0;49.0475122;0;0.059540866;6.405130844;21.94291701;5.78423755;0;240.5683158;0.108105652
50;300;10;208.9;117;300;215;0;139.1100128;0;0;0;63.86965609;0;332.2694504;37.12564626;0;24.39253849;0;0.680273412;0;0;250408.6115;-145.1163496;176.1715414;40.60528859;0;145.116359;0.816328856;57.14772404;0;0;0;0.50747153;17.69543837;0;0;323.3380281;0.135708444
50;300;10;304.45;117;450;215;92.13610718;20.6748358;12.62847965;26.92390052;242.3858717;80.83556863;0;332.2694504;0.085205806;0;0;1;0;0;416.2224455;250436.4472;-90.17574264;153.5659763;5.59798635;9.093238937;90.17575356;0.253480623;1.779966073;13.23233495;0.813715428;0.059540866;0;16.96588879;10.39180766;0.029127788;360.4604682;0.137882738
50;300;50;208.9;117;300;215;26.46933143;5.887624125;0;92.42491517;216.7651238;102.9393765;0;332.2694504;0;0;0;1;0;0;457.2573514;250464.7917;-70.31407503;72.49570363;34.34347526;3.737983858;70.31407618;0.264505333;0.363580492;53.71604157;0;0.059540866;0;16.96114858;8.76932849;0.011375779;253.4541837;0.105778748
50;300;50;304.45;117;450;215;88.72942266;8.748892257;16.92309856;41.36313295;258.3126387;70.43051629;0;332.2694504;1.526184564;0;0;1;0;0;364.0553012;250467.2092;-84.30318258;143.5926261;5.926942171;8.348038645;84.30319253;0.21618683;0.422781614;17.67187836;0.889407362;0.059540866;0;16.9635046;9.401847854;0.032464836;350.1554331;0.130797909
50;600;10;208.9;117;300;215;36.37856106;6.929063242;0;85.9557989;298.5730714;98.45782407;0;332.2694504;0;0;0;1;0;0;432.6318158;250531.071;-119.8163531;99.94225201;59.41840088;5.607711214;119.8163549;0.18421999;0.328550247;52.04544891;0;0.059540866;0;16.96114858;8.563561611;0.013134403;320.9721579;0.106303192
50;600;10;304.45;117;450;215;138.8243728;31.96527353;24.65244233;0;330;31.81982814;0;332.2694504;0.459330476;0;0;1;0;0;599.6759146;250496.8346;-155.3379501;208.2990609;20.2729305;11.78108541;155.3379648;0.013290616;0.901111642;0;0.681000991;0.059540866;0;16.97211044;16.42873776;0.022276909;512.6950249;0.154306041
50;600;50;208.9;117;300;215;26.44543182;35.19728156;0;92.49148163;330;73.58705226;0;332.2694504;0;0;0;1;0;0;462.8973114;250563.4741;-113.1715031;93.39626326;57.69413215;6.216574425;113.1715044;0;0.709251099;53.75321844;0;0.059540866;0;16.96114858;8.715751122;0.008221419;261.637861;0.10550399
50;600;50;304.45;117;450;215;121.9703855;45.05889499;6.592098887;8.780585951;330;39.07482625;0;332.2694504;6.244455672;0;0;1;0;0;530.9563512;250513.6904;-150.0681088;200.9534113;19.81529263;9.63470061;150.0681228;0.005019284;1.147614171;2.370331266;0.221175203;0.059540866;0;16.96497218;12.97810624;0.024647542;417.9057309;0.151351885
200;300;10;208.9;117;300;215;0;0;0;0;0;200.3088347;0;332.2694504;36.44286529;0;25.07394604;0;8.195857243;0;0;250416.0638;-157.2190749;64.76933884;41.74297727;0;157.2190756;52.84025178;0;0;0;0;5.63966624;21.59233118;0;0;330.3672383;0.13104854
200;300;10;304.45;117;450;215;90.52318674;0;46.48780654;35.81920795;244.6039187;53.78598246;0;332.2694504;0;0;0;1;4.972786104;0;487.9885256;250456.2467;-105.0627624;137.5729226;8.87324951;4.674192955;105.0627728;0.687268599;0;15.55892747;4.502022552;0.059540866;1.656283092;18.25019854;11.02864176;0.034875659;323.9189035;0.125565514
200;300;50;208.9;117;300;215;0;0;0;117.9679601;246.6572912;109.7532872;0;332.2694504;0;0;0;1;0;0;548.4601086;250511.2402;-70.52062429;61.35728163;35.87041004;5.523591865;70.52062483;0.67798457;0;57.98433355;0;0.059540866;0;16.96114858;9.637243939;1.19E-09;253.7702892;0.108034315
200;300;50;304.45;117;450;215;87.9462343;0;39.21897442;37.5955946;267.1530273;61.67196123;0;332.2694504;0;0;0;1;5.798172272;0;526.4508289;250476.8915;-99.56208854;133.1097496;7.727760977;6.000779139;99.56209872;0.687923038;0;16.58620293;4.005306902;0.059540866;1.85862499;18.40674579;10.74613162;0.031152313;317.4979353;0.122102031
200;600;10;208.9;117;300;215;0;0;0;110.3119568;327.1598152;117.4092905;0;332.2694504;0;0;0;1;0;0;548.1046755;250573.4109;-123.9924159;84.93723669;62.15392089;7.144270465;123.9924168;1.59104429;0;57.42894063;0;0.059540866;0;16.96114858;9.462302152;0;259.1680489;0.109112601
200;600;10;304.45;117;450;215;133.2727447;0;50.66931619;11.94550737;330;30.66681224;0;332.2694504;1.004085747;0;0;1;5.250900225;0;597.6755945;250517.8927;-177.8222674;185.4577042;25.85152653;4.787478815;177.8222812;0.18858193;0;3.05390794;6.621317873;0.059540866;1.591926552;18.20092694;12.35399334;0.027405343;408.589727;0.144531478
200;600;50;208.9;117;300;215;0;0;0;111.8420155;330;115.8792317;0;332.2694504;0;0;0;1;0;0;500.9421154;250577.4583;-120.6648222;83.90086992;60.36866127;5.826639079;120.6648231;1.309834689;0;57.27309487;0;0.059540866;0;16.96114858;8.793961788;0;265.7287347;0.109146647
200;600;50;304.45;117;450;215;115.7789439;0;44.6619029;19.90467187;330;46.42874408;0;332.2694504;0.180436003;0;0;1;3.449468184;0;525.2102109;250517.8054;-172.8732431;184.5158619;24.12270284;3.981807034;172.8732568;0.320261615;0;5.352549145;5.036716333;0.059540866;1.16539919;17.87587246;10.90739888;0.035530839;383.2440907;0.136198703
50;300;10;400;117;600;215;92.79028209;45.40763426;11.94078521;26.6416838;263.1857151;50.94086191;0;332.2694504;5.747122962;0;0;1;0;0;353.9159054;250467.2991;-91.77202102;166.6828904;2.347961762;12.04445365;91.77203333;0.024573246;2.358649268;9.659872194;0.773464678;0.059540866;0;16.9611277;11.57230018;0.037528268;366.1811832;0.129940189
50;300;50;400;117;600;215;88.65654477;24.04576381;32.54138957;31.24190475;330;51.23564436;0;332.2694504;2.80136244;0;0;1;0;0;314.0017044;250525.5783;-81.66419318;151.9070974;1.834877102;16.19948338;81.66420464;0.07575024;1.526135959;11.85163945;1.831236953;0.059540866;0;16.96729053;10.14644133;0.035973952;360.09558;0.128618712
50;600;10;400;117;600;215;140.0769029;33.53573004;21.43835669;0;330;32.67025764;0;332.2694504;5.124158608;0;0;1;0;6.891066493;562.1806795;250514.7566;-169.3371458;230.5309917;16.29039096;10.63933805;169.3371619;0.026333458;1.007513607;0;0.617500346;0.059540866;0;16.98996313;16.72961137;0.028657537;460.2875596;0.158992255
50;600;50;400;117;600;215;130.7707989;29.39457556;22.96736156;0;330;44.58851129;0;332.2694504;10.29610842;0;0;1;0;0;630.3637872;250518.036;-164.3321195;226.3392191;15.26647527;8.971441758;164.3321354;0;1.656391164;0;0.569200795;0.059540866;0;16.97554931;15.27538919;0.028220865;405.1198908;0.142286509
200;300;10;400;117;600;215;95.54487141;0;43.56346627;34.80579082;308.0492316;72.31804929;0;332.2694504;3.777000402;0;0;1;0;0;352.6417386;250515.7253;-105.2840392;145.278813;4.96913138;12.93424592;105.284051;0.599986188;0;16.01089435;2.496567227;0.059540866;0;16.96114858;9.587728937;0.032323655;373.1550452;0.128847693
200;300;50;400;117;600;215;96.51536554;0;24.2060373;39.48492453;330;67.51491991;0;332.2694504;8.125913123;0;0;0;0;0;520.9806254;250545.0788;-99.23041207;140.3272656;4.232586969;14.2592421;99.2304235;0.660151513;0;18.54428386;1.668552867;0;0;17.02068944;10.11835475;0.029775744;358.872313;0.127195417
200;600;10;400;117;600;215;138.8186421;0;25.93777201;0;330;62.96483319;0;332.2694504;2.441522119;0;0;1;0;0.283175371;598.7399761;250501.9439;-199.5155983;226.9136315;16.76986797;10.7274732;199.5156165;0.793810546;0;0;0.775828302;0.059540866;0;16.99416853;16.64399856;0.023576481;479.4721345;0.161467627
200;600;50;400;117;600;215;123.9534659;0;21.51043437;1.618009902;330;80.63933706;0;332.2694504;7.379353648;0;0;1;0;0;522.25558;250511.4152;-193.4019501;219.5805532;16.00987481;8.662620687;193.4019676;1.672540483;0;0.472709201;0.794516019;0.059540866;0;16.98699933;13.89395894;0.023950285;432.3747737;0.150373673
50;300;90;208.9;117;300;215;23.28626103;35.79260829;0;94.32833891;253.4229634;74.31403904;0;332.2694504;0;0;0;1;0;0;424.713083;250497.9156;-65.21043123;69.13670139;32.41692661;5.795211027;65.21043236;0;0.888207746;54.24756003;0;0.059540866;0;16.96114858;8.92892202;0.009150999;293.8552058;0.10547023
50;300;90;304.45;117;450;215;98.60233907;40.55052843;18.55977219;36.8398497;245.733568;30.74759581;0;332.2694504;2.421162068;0;0;1;0;2.499129571;306.3433994;250459.06;-83.71247985;146.472693;4.934447704;6.079084871;83.71248997;0;1.361662477;16.30665277;1.198094033;0.059540866;0;16.96572222;9.815675152;0.043463624;473.1578978;0.15326074
50;600;90;208.9;117;300;215;24.46046696;28.47994758;0;94.5673469;330;80.21348583;0;332.2694504;0;0;0;1;0;0;501.5591085;250565.4151;-111.0099619;91.47035879;56.83955424;5.065660249;111.009963;0;0.582925954;54.11230154;0;0.059540866;0;16.96114858;8.293661814;0.009673758;282.913022;0.105223489
50;600;90;304.45;117;450;215;114.0716813;49.61688186;22.43230845;8.696790706;330;27.06622925;0;332.2694504;5.837355694;0;0;0;0;0;413.0074096;250513.2756;-147.1641271;198.0897581;19.3191533;7.496536964;147.1641407;0;2.112633913;2.724420661;0.811303142;0;0;17.04515826;11.79307343;0.0243365;434.4843872;0.149914158
200;300;90;208.9;117;300;215;0;0;0;118.0575508;272.1883728;109.6636965;0;332.2694504;0;0;0;1;0;0;572.4243971;250533.2697;-66.56401462;59.05294877;34.13884495;6.747867204;66.56401513;0.787646159;0;58.26024082;0;0.059540866;0;16.96114858;9.791987206;0;284.0988343;0.107836433
200;300;90;304.45;117;450;215;84.81851485;0;34.7158284;45.68787561;330;59.93395255;0;332.2694504;1.833679787;0;0;1;3.291282327;0;402.4436484;250539.3589;-89.87051636;122.4079382;7.062119221;10.94605719;89.87052586;0.731279222;0;20.59488775;3.528429208;0.059540866;1.094649699;17.81543597;10.86990693;0.029630698;344.5856706;0.121945376
200;600;90;208.9;117;300;215;0;0;0;117.9532314;330;109.7680159;0;332.2694504;0;0;0;0;0;0;467.9663469;250583.2922;-118.0664084;83.17771211;59.27713515;4.749633872;118.0664093;0.629997334;0;57.48214588;0;0;0;17.02068944;8.102929499;0;288.0333656;0.109632647
200;600;90;304.45;117;450;215;104.6371615;0;48.14382254;21.68728478;330;52.9006799;0;332.2694504;0;0;0;1;1.585343463;0;294.8278691;250516.0391;-169.4707147;181.7152304;23.22471123;3.160518191;169.4707282;0.943058997;0;6.366727258;4.369902438;0.059540866;0.603160299;17.43709368;9.984700688;0.034658502;388.0485942;0.134286625
50;300;90;400;117;600;215;94.76658462;36.93140315;12.74647111;31.30894139;274.2040848;51.967847;0;332.2694504;3.928315843;0;0;1;0;10.20039427;284.5073198;250489.4189;-83.56857269;155.7520435;1.769553808;9.800370896;83.568584;0.025976467;2.32175668;12.71624264;0.827513485;0.059540866;0;16.96455773;9.823946796;0.053889524;599.153705;0.186013926
50;600;90;400;117;600;215;145.2101364;62.16329302;18.01081015;2.337007675;330;0;0;332.2694504;21.67762737;0;0;0;0;0;598.2330438;250547.805;-160.8427678;222.302776;14.7939133;7.509754443;160.8427832;0;2.507897738;0.503231281;0.533654053;0;0;17.0319441;15.50639033;0.03644551;423.9528522;0.143294321
200;300;90;400;117;600;215;100.1863784;0;36.14574063;42.0078968;330;49.38123146;0;332.2694504;1.306365441;0;0;1;0;0;317.962184;250535.0905;-94.99479341;132.9663611;4.517503578;11.93103227;94.99480405;0.625891443;0;18.9088152;2.781924139;0.059540866;0;16.96445995;10.73766486;0.055913583;428.7993241;0.140508736
200;600;90;400;117;600;215;114.739016;0;17.63486827;11.87275881;330;83.47460422;0;332.2694504;10.7319047;0;0;1;0;0;395.0395714;250526.6716;-188.7403287;206.8864605;17.3276766;6.758508835;188.7403448;1.852987332;0;3.556754242;0.766979426;0.059540866;0;16.98683168;11.47021948;0.023445741;435.7886929;0.148571652
50;900;10;208.9;117;300;215;35.87607628;8.641537777;0;87.59307655;330;95.54772089;0;332.2694504;0;0;0;1;0.282760943;0;447.9885593;250559.9577;-174.0322551;128.0173142;87.92697589;3.395679689;174.0322569;0.135634016;0.339745864;52.16900471;0;0.059540866;0.206715755;17.1219275;7.696768196;0.010548959;289.6963644;0.105435442
50;900;10;304.45;117;450;215;122.7900065;33.53573004;22.74435174;0;330;46.34197718;0;332.2694504;2.309181787;0;0;1;0;0;358.7939307;250498.3427;-234.9880182;236.809558;49.25216104;5.741214893;234.9880328;0.057380933;1.308556396;0;0.73986713;0.059540866;0;16.96929173;12.18051703;0.02497832;419.6851236;0.136654249
50;900;50;208.9;117;300;215;24.26915282;12.94626199;1.171387926;94.68812873;330;94.64631581;0;332.2694504;0;0;0;1;0;0;452.0556108;250565.0182;-171.4953676;123.9190021;88.03046413;2.116123423;171.4953689;0.117016698;0.5337821;53.90243353;0.044142714;0.059540866;0;16.96114858;7.016518787;0.007814444;299.5423607;0.106334738
50;900;50;304.45;117;450;215;132.1585928;31.51934776;26.92667798;0;330;27.07911432;0;332.2694504;10.03751446;0;0;1;0;0;485.3724997;250517.6842;-230.0110927;239.9874323;46.27253229;4.153434752;230.0111075;0.007443547;0.544175027;0;0.406284356;0.059540866;0;16.98948493;12.89147445;0.019675518;475.5717561;0.153023473
200;900;10;208.9;117;300;215;0;0;0;117.9843782;330;109.736869;0;332.2694504;0;0;0;1;0;0;497.1156805;250583.8164;-184.6574444;115.3823024;91.8348474;2.918299297;184.6574458;0.620627313;0;57.41778942;0;0.059540866;0;16.96114858;7.83921969;0;290.4682256;0.110080968
200;900;10;304.45;117;450;215;127.4119384;0;49.06233323;4.64179538;330;45.52504864;0;332.2694504;0;0;0;1;4.860592187;0;434.4652437;250506.3975;-263.6621323;224.0202578;52.14175741;1.616178735;263.6621477;0.538369483;0;0.970233027;4.417019034;0.059540866;1.675294631;18.2733759;10.55878066;0.03415259;405.2504812;0.136074995
200;900;50;208.9;117;300;215;0;0;0;117.5928348;330;109.3546165;0;332.2694504;0;0;0;1;3.482082158;0;582.3189302;250586.8526;-182.3203977;112.4267942;90.42737064;1.892181528;182.3203991;0.610775478;0;55.17908339;0;0.059540866;2.163488033;18.64386149;7.00288056;0;291.5166412;0.107624816
200;900;50;304.45;117;450;215;122.6235761;0;40.27139044;1.313270083;330;56.45459883;0;332.2694504;4.049109224;0;0;1;13.54186155;0;516.0813914;250518.452;-258.7805279;217.2224956;51.04650512;1.355493536;258.780543;0.654964904;0;0.284883442;2.836173945;0.059540866;4.694234014;20.62043465;9.228316723;0.03687473;407.4964793;0.139571252
50;900;10;400;117;600;215;135.8186675;51.85772013;24.5153958;0;330;15.52946382;0;332.2694504;14.78297833;0;0;0;0;0;538.974182;250528.888;-272.7322433;261.9709855;44.55861795;5.138116461;272.7322595;0;0.59780252;0;0.37763817;0;0;17.02906965;14.07133475;0.02923891;422.1388929;0.136345961
50;900;50;400;117;600;215;148.9560801;27.59537023;32.42434544;0;330;18.74545153;0;332.2694504;1.005337545;0;0;0;0;0;576.5299421;250500.2705;-266.2053559;259.5413589;42.67903509;3.544776369;266.2053721;0.002922415;0.10575969;0;0.222776921;0;0;17.02988996;14.72714124;0.031988642;424.8820452;0.140021197
200;900;10;400;117;600;215;119.3729027;0;24.16868654;0;330;84.17965799;0;332.2694504;16.88684519;0;0;1;0;0;484.2676998;250531.6252;-307.1256064;251.6728141;46.17279312;5.166927036;307.1256245;1.272771078;0;0;0.551574552;0.059540866;0;16.96857073;12.53350527;0.026666387;419.9692853;0.137495984
200;900;50;400;117;600;215;141.235924;0;17.69391655;0;330;68.79140671;0;332.2694504;2.187734507;0;0;1;0;0;635.091385;250500.0835;-299.5383285;255.7808834;43.25551799;3.573461601;299.5383471;0.156688449;0;0;0.231313448;0.059540866;0;16.96598301;13.76734758;0.027049112;438.0098508;0.144278681
50;900;90;208.9;117;300;215;43.73861322;29.16495313;1.239967613;80.24259401;330;72.45707187;0;332.2694504;0;0;0;1;3.951213439;0;420.3826887;250557.938;-171.5102792;127.8728357;84.555193;2.046807466;171.5102814;0;0.404700452;47.45861123;0.044580131;0.059540866;2.890712359;19.20948041;6.034557275;0.015224862;302.3062171;0.106415105
50;900;90;304.45;117;450;215;117.3649448;31.96527353;21.06482686;0;330;54.07108997;0;332.2694504;3.255112086;0;0;1;0;0;491.7819171;250499.529;-228.1689385;237.6105536;45.93659339;3.473871268;228.1689532;0;1.267727541;0;0.294897596;0.059540866;0;16.9633095;11.38105995;0.022423938;463.9338278;0.150688572
200;900;90;208.9;117;300;215;0;0;0;109.1091384;330;117.3445502;0;332.2694504;0;0;0;0;5.704014222;0;572.7784065;250579.8257;-182.280683;110.1931281;89.7547237;1.757579586;182.2806843;1.516552671;0;52.8639335;0;0;3.768673004;19.95388055;5.962134654;0;305.2580288;0.108100093
200;900;90;304.45;117;450;215;109.9970477;0;23.44857131;10.90745608;330;77.47661652;0;332.2694504;4.979805181;0;0;1;4.102877337;0;368.088589;250515.8079;-257.8736161;223.4117922;49.16484787;1.859357962;257.8736316;1.027669664;0;2.257182366;1.480725422;0.059540866;2.058531588;18.57077335;9.186486045;0.032938368;454.1432932;0.140288624
50;900;90;400;117;600;215;135.2421053;23.2058227;31.41317199;0;330;37.86014728;0;332.2694504;0;0;0;1;0;0;580.229538;250496.2677;-263.9052218;255.2607412;42.51099247;2.907453165;263.9052377;0.007125699;0.382224303;0;0.195702856;0.059540866;0;17.33838464;13.30638323;0.030567419;447.6056567;0.14134447
200;900;90;400;117;600;215;129.4706118;0;22.98213898;0;330;75.26849654;0;332.2694504;1.566116223;0;0;1;0;0;486.4657224;250497.1794;-297.0598237;250.1097891;43.30112253;2.813836831;297.0598418;0.72869902;0;0;0.343251417;0.059540866;0;16.97763382;12.35627536;0.028104503;485.9893032;0.153279311
350;300;10;208.9;117;300;215;0;0;0;0;0;200.1476165;0;332.2694504;36.54886758;0;24.96815698;0;8.648683919;0;0;250416.0971;-162.8610646;64.53249567;41.80393769;0;162.8610657;52.56565011;0;0;0;0;5.914767244;21.79831203;0;0;417.984473;0.130962832
350;300;10;304.45;117;450;215;0;0;34.44711958;100.3050386;314.8318043;92.9690891;0;332.2694504;0;0;0;0;0;0;705.0302683;250558.7404;-100.8827732;54.82213729;34.43014463;11.31979463;100.8827741;2.506291946;0;54.58377904;1.782306075;0;0;17.02068944;11.37168898;0;316.0709854;0.107645294
350;300;50;208.9;117;300;215;0;0;0;0;0;194.7576536;0;332.2694504;36.06882191;0;30.02628708;0;8.908441616;0;0;250444.7031;-162.6567427;64.33250409;41.78197238;0.002582921;162.6567438;52.40027419;0;0;0;0;6.073288608;21.9246621;0;0;411.4541471;0.13128289
350;300;50;304.45;117;450;215;0;0;11.2828575;118.4914424;312.5039858;97.68998536;0;332.2694504;0;0;0;0;1.156329077;0;777.7372871;250572.1679;-96.54408312;54.57285592;33.75540543;10.62502791;96.54408401;0.573165269;0;57.45408922;0.56826371;0;0.410883317;17.34026536;11.39032863;0;318.853154;0.106670702
350;600;10;208.9;117;300;215;0;0;0;108.5740156;330;119.1472317;0;332.2694504;0;0;0;1;0;0;530.7037955;250574.3249;-132.4356788;84.23146494;62.00767613;7.440972128;132.4356804;1.713317608;0;57.07087851;0;0.059540866;0;16.96114858;9.345518359;0;332.1377053;0.109068391
350;600;10;304.45;117;450;215;0;0;11.3823626;104.1258354;330;111.9873587;0;332.2694504;0;0;0;0;1.015607624;0;559.2298659;250572.4788;-184.1893494;83.61743399;61.67818071;6.98133734;184.189351;2.154427766;0;55.52011364;0.526909876;0;0.416018753;17.34425958;9.654280659;0;323.2154424;0.106945471
350;600;50;208.9;117;300;215;0;0;0;109.869666;330;117.8515813;0;332.2694504;0;0;0;1;0;0;520.8362238;250575.5872;-129.3296101;83.82884224;60.31211567;5.842637095;129.3296117;1.532191948;0;57.04870048;0;0.059540866;0;16.96114858;8.815818036;0;327.4768132;0.109480856
350;600;50;304.45;117;450;215;6.228281097;0;0;103.0603496;330;117.5443509;0;332.2694504;0;0;0;1;3.997195609;0;557.3327066;250573.8468;-179.6923563;83.66697268;59.54181219;5.937246775;179.6923582;1.453667409;0;54.5573297;0;0.059540866;1.615634895;18.2204646;9.12071954;7.84E-05;333.2020314;0.105227637
350;300;10;400;117;600;215;92.93166787;0;48.32201016;36.13291673;308.7931405;49.67770931;0;332.2694504;0;0;0;1;2.956244419;0;417.1218522;250511.3338;-121.5341917;130.7001797;8.291388691;9.439063971;121.5342031;0.600710098;0;16.32779223;6.023016395;0.059540866;0.893817889;17.66053991;11.69222953;0.029931322;399.3347343;0.124885792
350;300;50;400;117;600;215;89.8456908;0;65.32961834;41.54403554;324.9856329;31.00190258;0;332.2694504;0;0;0;1;0;0;421.8923912;250530.0595;-114.8097843;127.9252785;7.318991729;9.195164287;114.8097953;0.440354479;0;18.1824284;6.307461579;0.059540866;0;16.96207394;11.63525818;0.028810096;397.2702845;0.121556229
350;600;10;400;117;600;215;128.664369;0;81.09895631;0.242777641;330;28.07455079;0;332.2694504;3.367882472;0;0;1;0;0;445.9043223;250511.1362;-224.8246162;190.289335;25.29272441;2.35950026;224.8246321;0.989349947;0;0.074497614;9.977444166;0.059540866;0;16.96778425;12.6528675;0.028410658;470.245899;0.140681807
350;600;50;400;117;600;215;131.3703989;0;61.34712864;5.487926349;330;29.51579335;0;332.2694504;0;0;0;1;0;0;394.2940309;250505.2701;-217.7423595;191.5676046;22.49078776;2.605488991;217.7423757;0.928132545;0;1.409111808;7.324077496;0.059540866;0;16.99994856;11.97258427;0.025359365;483.8491904;0.143077541
350;300;90;208.9;117;300;215;0;0;0.172302639;111.0564662;263.7460691;116.4924784;0;332.2694504;0;0;0;1;0;0;485.7588622;250518.881;-73.04903745;59.49132775;34.36114943;6.254359338;73.04903835;1.481315288;0;57.38899899;0.006687545;0.059540866;0;16.96114858;9.201624917;0;328.7692829;0.108406033
350;300;90;304.45;117;450;215;0;0;27.92957687;95.47017314;330;104.3214973;0;332.2694504;0;0;0;1;0;0;553.4141913;250566.0084;-94.13869091;52.45346453;31.64424862;11.00243199;94.13869174;3.550343578;0;53.80854225;1.435965445;0.059540866;0;16.96114858;10.25665974;0;330.167964;0.107861709
350;600;90;208.9;117;300;215;0;0;0;108.5554772;330;119.16577;0;332.2694504;0;0;0;1;0;0;462.8973114;250574.333;-127.3188492;83.08090496;59.0979138;4.864760136;127.3188507;1.618121489;0;56.58195429;0;0.059540866;0;16.96114858;7.924533325;0;333.6789965;0.109886458
350;600;90;304.45;117;450;215;0;0;6.242186606;101.2750606;330;118.6103751;0;332.2694504;0;0;0;1;7.171311996;0;542.2584078;250575.1527;-176.14256;79.59089252;58.54120107;4.663730204;176.1425615;2.288254387;0;52.7439237;0.235158772;0.059540866;2.831791094;19.16365276;8.421158913;0.000353025;332.0457579;0.108233409
350;300;90;400;117;600;215;78.90785761;0;39.77924568;43.40065769;330;64.99938012;0;332.2694504;4.983591204;0;0;1;2.853477777;6.440303667;390.2595413;250551.8003;-110.1186955;121.9638851;6.9322557;10.1105321;110.1187061;0.811693027;0;19.88650854;4.292983683;0.059540866;0.875489387;17.64309818;10.74902518;0.029550637;447.1818933;0.130648679
350;600;90;400;117;600;215;122.9849236;0;40.79140908;11.75792524;330;52.1869894;0;332.2694504;1.75577982;0;0;1;0;0;346.5616511;250510.5656;-212.9896824;189.1711105;21.18018736;3.294389543;212.9896986;1.713509451;0;3.370298838;4.724947356;0.059540866;0;16.97215962;11.31665242;0.027010802;505.6817782;0.147556908
350;900;10;208.9;117;300;215;0;0;0;101.8191408;330;125.2127132;0;332.2694504;0;0;0;0;3.102269446;0;438.4240374;250570.1053;-199.0386098;112.4282283;91.37927212;3.256013647;199.0386122;2.521299141;0;53.58922455;0;0;1.992944802;18.57075762;7.3767556;0;342.3741635;0.10755959
350;900;10;304.45;117;450;215;19.19318617;0;0;98.28224661;330;108.6365628;0;332.2694504;0;0;0;1;7.241632658;0;460.6352577;250574.2596;-274.8829914;116.8699712;89.92268938;3.191570149;274.8829945;0.636684573;0;52.1391879;0;0.059540866;2.956935621;19.26098739;8.032589789;0.002174674;344.2762133;0.105038051
350;900;50;208.9;117;300;215;0;0;0;109.6552616;330;117.2372871;0;332.2694504;0;0;0;1;3.729143829;0;516.7484328;250578.6879;-196.0360585;112.2889835;90.31312995;2.005690954;196.0360609;1.557041432;0;54.29027497;0;0.059540866;2.486187835;18.89485023;6.844528649;0.000358749;351.8433304;0.107417692
350;900;50;304.45;117;450;215;0;0;0;99.3165008;330;125.7680496;0;332.2694504;0;0;0;1;11.86513579;0;483.8127504;250576.064;-271.3940131;108.7903015;89.62462;2.03475653;271.3940154;2.891952166;0;50.32351851;0;0.059540866;4.937144013;20.80130692;6.710932251;0.000365888;358.2637976;0.107729403
350;900;10;400;117;600;215;99.64860932;0;47.90898275;0.830778139;330;79.33287706;0;332.2694504;0;0;0;1;0;0;360.3857468;250493.2333;-339.1660157;221.908526;52.54265276;1.774182445;339.166033;3.996198382;0;0.293842458;4.564402877;0.059540866;0;17.02124348;8.705498945;0.036830047;455.8771545;0.126490408
350;900;50;400;117;600;215;105.2071894;0;38.01923439;0;330;84.4948235;0;332.2694504;0;0;0;1;0;0;408.7482792;250491.8678;-332.452211;227.3876991;49.0069576;1.600748106;332.4522291;3.100583536;0;0;2.913303602;0.059540866;0;16.99891228;9.067369854;0.033037223;469.7952737;0.129233245
350;900;90;208.9;117;300;215;0;0;0;107.7667649;330;118.2407177;0;332.2694504;0;0;0;1;7.711941172;0;548.746861;250580.5664;-194.9551679;108.9003613;89.63709656;1.806881116;194.9551703;1.758137047;0;51.5137436;0;0.059540866;4.991279045;20.84509348;5.900447056;0.000631034;362.5360529;0.108048952
350;900;90;304.45;117;450;215;25.0440867;0;1.505118428;80.33009065;330;117.3388954;0;332.2694504;0;0;0;0;15.76375266;0;439.3274416;250565.2441;-270.9689398;117.2116683;85.35097419;1.944159561;270.9689437;1.804062678;0;44.07301132;0.047137667;0;6.844595744;22.34583424;6.2896073;0.003552494;356.2799795;0.105541497
350;900;90;400;117;600;215;118.5637325;0;24.10153259;0;330;85.05598215;0;332.2694504;2.164207317;0;0;1;0;0;477.4511155;250496.5785;-329.0649146;234.5716605;46.38712346;2.040876266;329.0649336;1.682955357;0;0;1.638747196;0.059540866;0;16.96442301;10.41214716;0.031902277;501.5500734;0.140727539
